0.9.22-structurizr-adr-toolssrccomstructurizrdocumentationAdrToolsImporter.java,0.9.22
0.9.22-structurizr-adr-toolstestunitcomstructurizrdocumentationAdrToolsImporterTests.java,0.9.22
0.9.22-structurizr-analysissrccomstructurizranalysisAbstractComponentFinderStrategy.java,0.9.22
0.9.22-structurizr-analysissrccomstructurizranalysisAbstractTypeMatcher.java,0.9.22
0.9.22-structurizr-analysissrccomstructurizranalysisAnnotationTypeMatcher.java,0.9.22
0.9.22-structurizr-analysissrccomstructurizranalysisComponentFinder.java,0.9.22
0.9.22-structurizr-analysissrccomstructurizranalysisComponentFinderStrategy.java,0.9.22
0.9.22-structurizr-analysissrccomstructurizranalysisDefaultTypeRepository.java,0.9.22
0.9.22-structurizr-analysissrccomstructurizranalysisDuplicateComponentException.java,0.9.22
0.9.22-structurizr-analysissrccomstructurizranalysisDuplicateComponentStrategy.java,0.9.22
0.9.22-structurizr-analysissrccomstructurizranalysisExtendsClassTypeMatcher.java,0.9.22
0.9.22-structurizr-analysissrccomstructurizranalysisFirstImplementationOfInterfaceSupportingTypesStrategy.java,0.9.22
0.9.22-structurizr-analysissrccomstructurizranalysisImplementsInterfaceTypeMatcher.java,0.9.22
0.9.22-structurizr-analysissrccomstructurizranalysisJavadocCommentFilter.java,0.9.22
0.9.22-structurizr-analysissrccomstructurizranalysisNameSuffixTypeMatcher.java,0.9.22
0.9.22-structurizr-analysissrccomstructurizranalysisReferencedTypesInSamePackageSupportingTypesStrategy.java,0.9.22
0.9.22-structurizr-analysissrccomstructurizranalysisReferencedTypesSupportingTypesStrategy.java,0.9.22
0.9.22-structurizr-analysissrccomstructurizranalysisRegexTypeMatcher.java,0.9.22
0.9.22-structurizr-analysissrccomstructurizranalysisSourceCodeComponentFinderStrategy.java,0.9.22
0.9.22-structurizr-analysissrccomstructurizranalysisStructurizrAnnotationsComponentFinderStrategy.java,0.9.22
0.9.22-structurizr-analysissrccomstructurizranalysisSupportingTypesStrategy.java,0.9.22
0.9.22-structurizr-analysissrccomstructurizranalysisThrowExceptionDuplicateComponentStrategy.java,0.9.22
0.9.22-structurizr-analysissrccomstructurizranalysisTypeCategory.java,0.9.22
0.9.22-structurizr-analysissrccomstructurizranalysisTypeMatcher.java,0.9.22
0.9.22-structurizr-analysissrccomstructurizranalysisTypeMatcherComponentFinderStrategy.java,0.9.22
0.9.22-structurizr-analysissrccomstructurizranalysisTypeRepository.java,0.9.22
0.9.22-structurizr-analysissrccomstructurizranalysisTypeUtils.java,0.9.22
0.9.22-structurizr-analysissrccomstructurizranalysisTypeVisibility.java,0.9.22
0.9.22-structurizr-analysistestunitcomstructurizrAbstractWorkspaceTestBase.java,0.9.22
0.9.22-structurizr-analysistestunitcomstructurizranalysisAbstractComponentFinderStrategyTests.java,0.9.22
0.9.22-structurizr-analysistestunitcomstructurizranalysisAnnotationTypeMatcherTests.java,0.9.22
0.9.22-structurizr-analysistestunitcomstructurizranalysisComponentFinderTests.java,0.9.22
0.9.22-structurizr-analysistestunitcomstructurizranalysisDefaultTypeRepositoryTests.java,0.9.22
0.9.22-structurizr-analysistestunitcomstructurizranalysisExtendsClassTypeMatcherTests.java,0.9.22
0.9.22-structurizr-analysistestunitcomstructurizranalysisImplementsInterfaceTypeMatcherTests.java,0.9.22
0.9.22-structurizr-analysistestunitcomstructurizranalysisJavadocCommentFilterTests.java,0.9.22
0.9.22-structurizr-analysistestunitcomstructurizranalysisNameSuffixTypeMatcherTests.java,0.9.22
0.9.22-structurizr-analysistestunitcomstructurizranalysisRegexTypeMatcherTests.java,0.9.22
0.9.22-structurizr-analysistestunitcomstructurizranalysisSourceCodeComponentFinderStrategyTests.java,0.9.22
0.9.22-structurizr-analysistestunitcomstructurizranalysisStructurizrAnnotationsComponentFinderStrategyTests.java,0.9.22
0.9.22-structurizr-analysistestunitcomstructurizranalysisTypeMatcherComponentFinderStrategyTests.java,0.9.22
0.9.22-structurizr-analysistestunitcomstructurizranalysisTypeUtilsTests.java,0.9.22
0.9.22-structurizr-analysistestunitcomstructurizranalysisreflectionsAbstractComponentFinderStrategyTests.java,0.9.22
0.9.22-structurizr-analysistestunitcomstructurizranalysisreflectionscyclicDependencyAComponent.java,0.9.22
0.9.22-structurizr-analysistestunitcomstructurizranalysisreflectionscyclicDependencyBComponent.java,0.9.22
0.9.22-structurizr-analysistestunitcomstructurizranalysisreflectionsdependenciesFromSuperClassComponentBase.java,0.9.22
0.9.22-structurizr-analysistestunitcomstructurizranalysisreflectionsdependenciesFromSuperClassLoggingComponent.java,0.9.22
0.9.22-structurizr-analysistestunitcomstructurizranalysisreflectionsdependenciesFromSuperClassSomeComponent.java,0.9.22
0.9.22-structurizr-analysistestunitcomstructurizranalysisreflectionsfeatureinterfaceFeatureInterface.java,0.9.22
0.9.22-structurizr-analysistestunitcomstructurizranalysisreflectionsfeatureinterfaceOtherComponent.java,0.9.22
0.9.22-structurizr-analysistestunitcomstructurizranalysisreflectionsfeatureinterfaceSomeComponent.java,0.9.22
0.9.22-structurizr-analysistestunitcomstructurizranalysisreflectionsmultipleComponentFinderspackage1MyController.java,0.9.22
0.9.22-structurizr-analysistestunitcomstructurizranalysisreflectionsmultipleComponentFinderspackage2MyRepository.java,0.9.22
0.9.22-structurizr-analysistestunitcomstructurizranalysisreflectionssupportingTypesmyappAbstractComponent.java,0.9.22
0.9.22-structurizr-analysistestunitcomstructurizranalysisreflectionssupportingTypesmyappdataMyRepository.java,0.9.22
0.9.22-structurizr-analysistestunitcomstructurizranalysisreflectionssupportingTypesmyappdataMyRepositoryImpl.java,0.9.22
0.9.22-structurizr-analysistestunitcomstructurizranalysisreflectionssupportingTypesmyappdataMyRepositoryRowMapper.java,0.9.22
0.9.22-structurizr-analysistestunitcomstructurizranalysisreflectionssupportingTypesmyapputilRowMapperHelper.java,0.9.22
0.9.22-structurizr-analysistestunitcomstructurizranalysisreflectionssupportingTypesmyappwebMyController.java,0.9.22
0.9.22-structurizr-analysistestunittestDefaultTypeRepositorySomeAbstractClass.java,0.9.22
0.9.22-structurizr-analysistestunittestDefaultTypeRepositorySomeClass.java,0.9.22
0.9.22-structurizr-analysistestunittestDefaultTypeRepositorySomeEnum.java,0.9.22
0.9.22-structurizr-analysistestunittestDefaultTypeRepositorySomeInterface.java,0.9.22
0.9.22-structurizr-analysistestunittestMoreDefaultTypeRepositoryAnotherClass.java,0.9.22
0.9.22-structurizr-analysistestunittestSourceCodeComponentFinderStrategySomeComponent.java,0.9.22
0.9.22-structurizr-analysistestunittestSourceCodeComponentFinderStrategySomeComponentImpl.java,0.9.22
0.9.22-structurizr-analysistestunittestStructurizrAnnotationsComponentFinderStrategyController.java,0.9.22
0.9.22-structurizr-analysistestunittestStructurizrAnnotationsComponentFinderStrategyRepository.java,0.9.22
0.9.22-structurizr-analysistestunittestStructurizrAnnotationsComponentFinderStrategyRepositoryImpl.java,0.9.22
0.9.22-structurizr-analysistestunittestTypeMatcherComponentFinderStrategyMyController.java,0.9.22
0.9.22-structurizr-analysistestunittestTypeMatcherComponentFinderStrategyMyRepository.java,0.9.22
0.9.22-structurizr-analysistestunittestTypeMatcherComponentFinderStrategyMyRepositoryImpl.java,0.9.22
0.9.22-structurizr-analysistestunittestTypeUtilsAnotherClass.java,0.9.22
0.9.22-structurizr-analysistestunittestTypeUtilsSomeAbstractClass.java,0.9.22
0.9.22-structurizr-analysistestunittestTypeUtilsSomeClass.java,0.9.22
0.9.22-structurizr-analysistestunittestTypeUtilsSomeEnum.java,0.9.22
0.9.22-structurizr-analysistestunittestTypeUtilsSomeInterface.java,0.9.22
0.9.22-structurizr-annotationssrccomstructurizrannotationComponent.java,0.9.22
0.9.22-structurizr-annotationssrccomstructurizrannotationUsedByContainer.java,0.9.22
0.9.22-structurizr-annotationssrccomstructurizrannotationUsedByContainers.java,0.9.22
0.9.22-structurizr-annotationssrccomstructurizrannotationUsedByPeople.java,0.9.22
0.9.22-structurizr-annotationssrccomstructurizrannotationUsedByPerson.java,0.9.22
0.9.22-structurizr-annotationssrccomstructurizrannotationUsedBySoftwareSystem.java,0.9.22
0.9.22-structurizr-annotationssrccomstructurizrannotationUsedBySoftwareSystems.java,0.9.22
0.9.22-structurizr-annotationssrccomstructurizrannotationUsesComponent.java,0.9.22
0.9.22-structurizr-annotationssrccomstructurizrannotationUsesContainer.java,0.9.22
0.9.22-structurizr-annotationssrccomstructurizrannotationUsesContainers.java,0.9.22
0.9.22-structurizr-annotationssrccomstructurizrannotationUsesSoftwareSystem.java,0.9.22
0.9.22-structurizr-annotationssrccomstructurizrannotationUsesSoftwareSystems.java,0.9.22
0.9.22-structurizr-clientsrccomstructurizrapiApiResponse.java,0.9.22
0.9.22-structurizr-clientsrccomstructurizrapiHashBasedMessageAuthenticationCode.java,0.9.22
0.9.22-structurizr-clientsrccomstructurizrapiHmacAuthorizationHeader.java,0.9.22
0.9.22-structurizr-clientsrccomstructurizrapiHmacContent.java,0.9.22
0.9.22-structurizr-clientsrccomstructurizrapiHttpHeaders.java,0.9.22
0.9.22-structurizr-clientsrccomstructurizrapiMd5Digest.java,0.9.22
0.9.22-structurizr-clientsrccomstructurizrapiStructurizrClient.java,0.9.22
0.9.22-structurizr-clientsrccomstructurizrapiStructurizrClientException.java,0.9.22
0.9.22-structurizr-clientsrccomstructurizrencryptionAesEncryptionStrategy.java,0.9.22
0.9.22-structurizr-clientsrccomstructurizrencryptionEncryptedWorkspace.java,0.9.22
0.9.22-structurizr-clientsrccomstructurizrencryptionEncryptionLocation.java,0.9.22
0.9.22-structurizr-clientsrccomstructurizrencryptionEncryptionStrategy.java,0.9.22
0.9.22-structurizr-clientsrccomstructurizrioWorkspaceReader.java,0.9.22
0.9.22-structurizr-clientsrccomstructurizrioWorkspaceReaderException.java,0.9.22
0.9.22-structurizr-clientsrccomstructurizrioWorkspaceWriter.java,0.9.22
0.9.22-structurizr-clientsrccomstructurizrioWorkspaceWriterException.java,0.9.22
0.9.22-structurizr-clientsrccomstructurizriojsonEncryptedJsonReader.java,0.9.22
0.9.22-structurizr-clientsrccomstructurizriojsonEncryptedJsonWriter.java,0.9.22
0.9.22-structurizr-clientsrccomstructurizriojsonJsonReader.java,0.9.22
0.9.22-structurizr-clientsrccomstructurizriojsonJsonWriter.java,0.9.22
0.9.22-structurizr-clientsrccomstructurizrutilWorkspaceUtils.java,0.9.22
0.9.22-structurizr-clienttestintegrationcomstructurizrapiStructurizrClientIntegrationTests.java,0.9.22
0.9.22-structurizr-clienttestintegrationcomstructurizrapiWorkspaceRulesValidationTests.java,0.9.22
0.9.22-structurizr-clienttestunitcomstructurizrapiApiResponseTests.java,0.9.22
0.9.22-structurizr-clienttestunitcomstructurizrapiHashBasedMessageAuthenticationCodeTests.java,0.9.22
0.9.22-structurizr-clienttestunitcomstructurizrapiHmacAuthorizationHeaderTests.java,0.9.22
0.9.22-structurizr-clienttestunitcomstructurizrapiHmacContentTests.java,0.9.22
0.9.22-structurizr-clienttestunitcomstructurizrapiMd5DigestTests.java,0.9.22
0.9.22-structurizr-clienttestunitcomstructurizrapiStructurizrClientTests.java,0.9.22
0.9.22-structurizr-clienttestunitcomstructurizrencryptionAesEncryptionStrategyTests.java,0.9.22
0.9.22-structurizr-clienttestunitcomstructurizrencryptionEncryptedWorkspaceTests.java,0.9.22
0.9.22-structurizr-clienttestunitcomstructurizrencryptionMockEncryptionStrategy.java,0.9.22
0.9.22-structurizr-clienttestunitcomstructurizriojsonEncryptedJsonTests.java,0.9.22
0.9.22-structurizr-clienttestunitcomstructurizriojsonEncryptedJsonWriterTests.java,0.9.22
0.9.22-structurizr-clienttestunitcomstructurizriojsonJsonTests.java,0.9.22
0.9.22-structurizr-clienttestunitcomstructurizriojsonJsonWriterTests.java,0.9.22
0.9.22-structurizr-clienttestunitcomstructurizrutilWorkspaceUtilsTests.java,0.9.22
0.9.22-structurizr-coresrccomstructurizrAbstractWorkspace.java,0.9.22
0.9.22-structurizr-coresrccomstructurizrWorkspace.java,0.9.22
0.9.22-structurizr-coresrccomstructurizrWorkspaceValidationException.java,0.9.22
0.9.22-structurizr-coresrccomstructurizrconfigurationRole.java,0.9.22
0.9.22-structurizr-coresrccomstructurizrconfigurationUser.java,0.9.22
0.9.22-structurizr-coresrccomstructurizrconfigurationWorkspaceConfiguration.java,0.9.22
0.9.22-structurizr-coresrccomstructurizrdocumentationArc42DocumentationTemplate.java,0.9.22
0.9.22-structurizr-coresrccomstructurizrdocumentationAutomaticDocumentationTemplate.java,0.9.22
0.9.22-structurizr-coresrccomstructurizrdocumentationDecision.java,0.9.22
0.9.22-structurizr-coresrccomstructurizrdocumentationDecisionStatus.java,0.9.22
0.9.22-structurizr-coresrccomstructurizrdocumentationDocumentation.java,0.9.22
0.9.22-structurizr-coresrccomstructurizrdocumentationDocumentationTemplate.java,0.9.22
0.9.22-structurizr-coresrccomstructurizrdocumentationFormat.java,0.9.22
0.9.22-structurizr-coresrccomstructurizrdocumentationFormatFinder.java,0.9.22
0.9.22-structurizr-coresrccomstructurizrdocumentationFormattedContent.java,0.9.22
0.9.22-structurizr-coresrccomstructurizrdocumentationImage.java,0.9.22
0.9.22-structurizr-coresrccomstructurizrdocumentationSection.java,0.9.22
0.9.22-structurizr-coresrccomstructurizrdocumentationStructurizrDocumentationTemplate.java,0.9.22
0.9.22-structurizr-coresrccomstructurizrdocumentationTemplateMetadata.java,0.9.22
0.9.22-structurizr-coresrccomstructurizrdocumentationViewpointsAndPerspectivesDocumentationTemplate.java,0.9.22
0.9.22-structurizr-coresrccomstructurizrmodelCodeElement.java,0.9.22
0.9.22-structurizr-coresrccomstructurizrmodelCodeElementRole.java,0.9.22
0.9.22-structurizr-coresrccomstructurizrmodelComponent.java,0.9.22
0.9.22-structurizr-coresrccomstructurizrmodelContainer.java,0.9.22
0.9.22-structurizr-coresrccomstructurizrmodelContainerInstance.java,0.9.22
0.9.22-structurizr-coresrccomstructurizrmodelDeploymentElement.java,0.9.22
0.9.22-structurizr-coresrccomstructurizrmodelDeploymentNode.java,0.9.22
0.9.22-structurizr-coresrccomstructurizrmodelElement.java,0.9.22
0.9.22-structurizr-coresrccomstructurizrmodelEnterprise.java,0.9.22
0.9.22-structurizr-coresrccomstructurizrmodelHttpHealthCheck.java,0.9.22
0.9.22-structurizr-coresrccomstructurizrmodelIdGenerator.java,0.9.22
0.9.22-structurizr-coresrccomstructurizrmodelInteractionStyle.java,0.9.22
0.9.22-structurizr-coresrccomstructurizrmodelLocation.java,0.9.22
0.9.22-structurizr-coresrccomstructurizrmodelMessageDigestIdGenerator.java,0.9.22
0.9.22-structurizr-coresrccomstructurizrmodelModel.java,0.9.22
0.9.22-structurizr-coresrccomstructurizrmodelModelItem.java,0.9.22
0.9.22-structurizr-coresrccomstructurizrmodelNormalizedNameIdGenerator.java,0.9.22
0.9.22-structurizr-coresrccomstructurizrmodelPerson.java,0.9.22
0.9.22-structurizr-coresrccomstructurizrmodelPerspective.java,0.9.22
0.9.22-structurizr-coresrccomstructurizrmodelRelationship.java,0.9.22
0.9.22-structurizr-coresrccomstructurizrmodelSequentialIntegerIdGeneratorStrategy.java,0.9.22
0.9.22-structurizr-coresrccomstructurizrmodelSoftwareSystem.java,0.9.22
0.9.22-structurizr-coresrccomstructurizrmodelStaticStructureElement.java,0.9.22
0.9.22-structurizr-coresrccomstructurizrmodelTags.java,0.9.22
0.9.22-structurizr-coresrccomstructurizrutilImageUtils.java,0.9.22
0.9.22-structurizr-coresrccomstructurizrutilMapUtils.java,0.9.22
0.9.22-structurizr-coresrccomstructurizrutilStringUtils.java,0.9.22
0.9.22-structurizr-coresrccomstructurizrutilUrl.java,0.9.22
0.9.22-structurizr-coresrccomstructurizrviewAnimation.java,0.9.22
0.9.22-structurizr-coresrccomstructurizrviewAutomaticLayout.java,0.9.22
0.9.22-structurizr-coresrccomstructurizrviewBorder.java,0.9.22
0.9.22-structurizr-coresrccomstructurizrviewBranding.java,0.9.22
0.9.22-structurizr-coresrccomstructurizrviewColor.java,0.9.22
0.9.22-structurizr-coresrccomstructurizrviewColorPair.java,0.9.22
0.9.22-structurizr-coresrccomstructurizrviewComponentView.java,0.9.22
0.9.22-structurizr-coresrccomstructurizrviewConfiguration.java,0.9.22
0.9.22-structurizr-coresrccomstructurizrviewContainerView.java,0.9.22
0.9.22-structurizr-coresrccomstructurizrviewDefaultLayoutMergeStrategy.java,0.9.22
0.9.22-structurizr-coresrccomstructurizrviewDeploymentView.java,0.9.22
0.9.22-structurizr-coresrccomstructurizrviewDynamicView.java,0.9.22
0.9.22-structurizr-coresrccomstructurizrviewElementStyle.java,0.9.22
0.9.22-structurizr-coresrccomstructurizrviewElementView.java,0.9.22
0.9.22-structurizr-coresrccomstructurizrviewFilteredView.java,0.9.22
0.9.22-structurizr-coresrccomstructurizrviewFilterMode.java,0.9.22
0.9.22-structurizr-coresrccomstructurizrviewFont.java,0.9.22
0.9.22-structurizr-coresrccomstructurizrviewLayoutMergeStrategy.java,0.9.22
0.9.22-structurizr-coresrccomstructurizrviewPaperSize.java,0.9.22
0.9.22-structurizr-coresrccomstructurizrviewParallelSequenceCounter.java,0.9.22
0.9.22-structurizr-coresrccomstructurizrviewRelationshipStyle.java,0.9.22
0.9.22-structurizr-coresrccomstructurizrviewRelationshipView.java,0.9.22
0.9.22-structurizr-coresrccomstructurizrviewRouting.java,0.9.22
0.9.22-structurizr-coresrccomstructurizrviewSequenceCounter.java,0.9.22
0.9.22-structurizr-coresrccomstructurizrviewSequenceNumber.java,0.9.22
0.9.22-structurizr-coresrccomstructurizrviewShape.java,0.9.22
0.9.22-structurizr-coresrccomstructurizrviewStaticView.java,0.9.22
0.9.22-structurizr-coresrccomstructurizrviewStyles.java,0.9.22
0.9.22-structurizr-coresrccomstructurizrviewSystemContextView.java,0.9.22
0.9.22-structurizr-coresrccomstructurizrviewSystemLandscapeView.java,0.9.22
0.9.22-structurizr-coresrccomstructurizrviewTerminology.java,0.9.22
0.9.22-structurizr-coresrccomstructurizrviewVertex.java,0.9.22
0.9.22-structurizr-coresrccomstructurizrviewView.java,0.9.22
0.9.22-structurizr-coresrccomstructurizrviewViewSet.java,0.9.22
0.9.22-structurizr-coresrccomstructurizrviewViewSortOrder.java,0.9.22
0.9.22-structurizr-coretestunitcomstructurizrAbstractWorkspaceTestBase.java,0.9.22
0.9.22-structurizr-coretestunitcomstructurizrWorkspaceTests.java,0.9.22
0.9.22-structurizr-coretestunitcomstructurizrconfigurationWorkspaceConfigurationTests.java,0.9.22
0.9.22-structurizr-coretestunitcomstructurizrdocumentationArc42DocumentationTemplateTests.java,0.9.22
0.9.22-structurizr-coretestunitcomstructurizrdocumentationAutomaticDocumentTemplateTests.java,0.9.22
0.9.22-structurizr-coretestunitcomstructurizrdocumentationDocumentationTemplateTests.java,0.9.22
0.9.22-structurizr-coretestunitcomstructurizrdocumentationDocumentationTests.java,0.9.22
0.9.22-structurizr-coretestunitcomstructurizrdocumentationFormatFinderTests.java,0.9.22
0.9.22-structurizr-coretestunitcomstructurizrdocumentationSectionTests.java,0.9.22
0.9.22-structurizr-coretestunitcomstructurizrdocumentationStructurizrDocumentationTemplateTests.java,0.9.22
0.9.22-structurizr-coretestunitcomstructurizrdocumentationViewpointsAndPerspectivesDocumentationTemplateTests.java,0.9.22
0.9.22-structurizr-coretestunitcomstructurizrmodelCodeElementTests.java,0.9.22
0.9.22-structurizr-coretestunitcomstructurizrmodelComponentTests.java,0.9.22
0.9.22-structurizr-coretestunitcomstructurizrmodelContainerInstanceTests.java,0.9.22
0.9.22-structurizr-coretestunitcomstructurizrmodelContainerTests.java,0.9.22
0.9.22-structurizr-coretestunitcomstructurizrmodelDeploymentNodeTests.java,0.9.22
0.9.22-structurizr-coretestunitcomstructurizrmodelElementTests.java,0.9.22
0.9.22-structurizr-coretestunitcomstructurizrmodelHttpHealthCheckTests.java,0.9.22
0.9.22-structurizr-coretestunitcomstructurizrmodelMessageDigestIdGeneratorTests.java,0.9.22
0.9.22-structurizr-coretestunitcomstructurizrmodelModelItemTests.java,0.9.22
0.9.22-structurizr-coretestunitcomstructurizrmodelModelTests.java,0.9.22
0.9.22-structurizr-coretestunitcomstructurizrmodelNormalizedNameIdGeneratorTests.java,0.9.22
0.9.22-structurizr-coretestunitcomstructurizrmodelPersonTests.java,0.9.22
0.9.22-structurizr-coretestunitcomstructurizrmodelRelationshipTests.java,0.9.22
0.9.22-structurizr-coretestunitcomstructurizrmodelSoftwareSystemTests.java,0.9.22
0.9.22-structurizr-coretestunitcomstructurizrutilImageUtilsTests.java,0.9.22
0.9.22-structurizr-coretestunitcomstructurizrutilStringUtilsTests.java,0.9.22
0.9.22-structurizr-coretestunitcomstructurizrutilUrlTests.java,0.9.22
0.9.22-structurizr-coretestunitcomstructurizrviewAutomaticLayoutTests.java,0.9.22
0.9.22-structurizr-coretestunitcomstructurizrviewBrandingTests.java,0.9.22
0.9.22-structurizr-coretestunitcomstructurizrviewColorPairTests.java,0.9.22
0.9.22-structurizr-coretestunitcomstructurizrviewColorTests.java,0.9.22
0.9.22-structurizr-coretestunitcomstructurizrviewComponentViewTests.java,0.9.22
0.9.22-structurizr-coretestunitcomstructurizrviewConfigurationTests.java,0.9.22
0.9.22-structurizr-coretestunitcomstructurizrviewContainerViewTests.java,0.9.22
0.9.22-structurizr-coretestunitcomstructurizrviewDeploymentViewTests.java,0.9.22
0.9.22-structurizr-coretestunitcomstructurizrviewDynamicViewTests.java,0.9.22
0.9.22-structurizr-coretestunitcomstructurizrviewElementStyleTests.java,0.9.22
0.9.22-structurizr-coretestunitcomstructurizrviewElementViewTests.java,0.9.22
0.9.22-structurizr-coretestunitcomstructurizrviewFilteredViewTests.java,0.9.22
0.9.22-structurizr-coretestunitcomstructurizrviewFontTests.java,0.9.22
0.9.22-structurizr-coretestunitcomstructurizrviewRelationshipStyleTests.java,0.9.22
0.9.22-structurizr-coretestunitcomstructurizrviewSequenceCounterTests.java,0.9.22
0.9.22-structurizr-coretestunitcomstructurizrviewSequenceNumberTests.java,0.9.22
0.9.22-structurizr-coretestunitcomstructurizrviewStaticViewTests.java,0.9.22
0.9.22-structurizr-coretestunitcomstructurizrviewStyleTests.java,0.9.22
0.9.22-structurizr-coretestunitcomstructurizrviewSystemContextViewTests.java,0.9.22
0.9.22-structurizr-coretestunitcomstructurizrviewSystemLandscapeViewTests.java,0.9.22
0.9.22-structurizr-coretestunitcomstructurizrviewViewSetTests.java,0.9.22
0.9.22-structurizr-coretestunitcomstructurizrviewViewTests.java,0.9.22
0.9.22-structurizr-dotsrccomstructurizriodotDotWriter.java,0.9.22
0.9.22-structurizr-examplessrccomstructurizrexampleAdrTools.java,0.9.22
0.9.22-structurizr-examplessrccomstructurizrexampleArc42DocumentationExample.java,0.9.22
0.9.22-structurizr-examplessrccomstructurizrexampleAutomaticDocumentationTemplateExample.java,0.9.22
0.9.22-structurizr-examplessrccomstructurizrexampleBigBankPlc.java,0.9.22
0.9.22-structurizr-examplessrccomstructurizrexampleClientSideEncryption.java,0.9.22
0.9.22-structurizr-examplessrccomstructurizrexampleCorporateBranding.java,0.9.22
0.9.22-structurizr-examplessrccomstructurizrexampleEmptyWorkspace.java,0.9.22
0.9.22-structurizr-examplessrccomstructurizrexampleFilteredViews.java,0.9.22
0.9.22-structurizr-examplessrccomstructurizrexampleFinancialRiskSystem.java,0.9.22
0.9.22-structurizr-examplessrccomstructurizrexampleGettingStarted.java,0.9.22
0.9.22-structurizr-examplessrccomstructurizrexampleHttpHealthChecks.java,0.9.22
0.9.22-structurizr-examplessrccomstructurizrexampleMicroservicesExample.java,0.9.22
0.9.22-structurizr-examplessrccomstructurizrexamplePlantUML.java,0.9.22
0.9.22-structurizr-examplessrccomstructurizrexampleShapes.java,0.9.22
0.9.22-structurizr-examplessrccomstructurizrexampleSpringBootPetClinic.java,0.9.22
0.9.22-structurizr-examplessrccomstructurizrexampleSpringPetClinic.java,0.9.22
0.9.22-structurizr-examplessrccomstructurizrexampleStructurizrAnnotations.java,0.9.22
0.9.22-structurizr-examplessrccomstructurizrexampleStructurizrDocumentationExample.java,0.9.22
0.9.22-structurizr-examplessrccomstructurizrexampleStylingElements.java,0.9.22
0.9.22-structurizr-examplessrccomstructurizrexampleStylingRelationships.java,0.9.22
0.9.22-structurizr-examplessrccomstructurizrexampleViewpointsAndPerspectivesDocumentationExample.java,0.9.22
0.9.22-structurizr-examplessrccomstructurizrexampleWidgetsLimited.java,0.9.22
0.9.22-structurizr-examplessrccomstructurizrexampleannotationsHtmlController.java,0.9.22
0.9.22-structurizr-examplessrccomstructurizrexampleannotationsJdbcRepository.java,0.9.22
0.9.22-structurizr-examplessrccomstructurizrexampleannotationsRepository.java,0.9.22
0.9.22-structurizr-javaeesrccomstructurizranalysisJavaEEComponentFinderStrategy.java,0.9.22
0.9.22-structurizr-mermaidsrccomstructurizriomermaidMermaidEncoder.java,0.9.22
0.9.22-structurizr-mermaidsrccomstructurizriomermaidMermaidWriter.java,0.9.22
0.9.22-structurizr-mermaidtestunitcomstructurizriomermaidMermaidEncoderTests.java,0.9.22
0.9.22-structurizr-mermaidtestunitcomstructurizriomermaidMermaidWriterTests.java,0.9.22
0.9.22-structurizr-plantumlsrccomstructurizrioplantumlPlantUMLDiagram.java,0.9.22
0.9.22-structurizr-plantumlsrccomstructurizrioplantumlPlantUMLEncoder.java,0.9.22
0.9.22-structurizr-plantumlsrccomstructurizrioplantumlPlantUMLWriter.java,0.9.22
0.9.22-structurizr-plantumltestunitcomstructurizrioplantumlPlantUMLEncoderTests.java,0.9.22
0.9.22-structurizr-plantumltestunitcomstructurizrioplantumlPlantUMLWriterTests.java,0.9.22
0.9.22-structurizr-springsrccomstructurizranalysisAbstractSpringComponentFinderStrategy.java,0.9.22
0.9.22-structurizr-springsrccomstructurizranalysisSpringComponentComponentFinderStrategy.java,0.9.22
0.9.22-structurizr-springsrccomstructurizranalysisSpringComponentFinderStrategy.java,0.9.22
0.9.22-structurizr-springsrccomstructurizranalysisSpringMvcControllerComponentFinderStrategy.java,0.9.22
0.9.22-structurizr-springsrccomstructurizranalysisSpringRepositoryComponentFinderStrategy.java,0.9.22
0.9.22-structurizr-springsrccomstructurizranalysisSpringRestControllerComponentFinderStrategy.java,0.9.22
0.9.22-structurizr-springsrccomstructurizranalysisSpringServiceComponentFinderStrategy.java,0.9.22
0.9.22-structurizr-springsrccomstructurizranalysisSpringWebServiceEndpointComponentFinderStrategy.java,0.9.22
0.9.22-structurizr-springtestunitcomstructurizranalysisAbstractSpringComponentFinderStrategyTests.java,0.9.22
0.9.22-structurizr-springtestunitcomstructurizranalysisSpringComponentComponentFinderStrategyTests.java,0.9.22
0.9.22-structurizr-springtestunitcomstructurizranalysisSpringComponentFinderStrategyTests.java,0.9.22
0.9.22-structurizr-springtestunitcomstructurizranalysisSpringMvcControllerComponentFinderStrategyTests.java,0.9.22
0.9.22-structurizr-springtestunitcomstructurizranalysisSpringRepositoryComponentFinderStrategyTests.java,0.9.22
0.9.22-structurizr-springtestunitcomstructurizranalysisSpringRestControllerComponentFinderStrategyTests.java,0.9.22
0.9.22-structurizr-springtestunitcomstructurizranalysisSpringServiceComponentFinderStrategyTests.java,0.9.22
0.9.22-structurizr-springtestunitcomstructurizranalysisSpringWebServiceEndpointComponentFinderStrategyTests.java,0.9.22
0.9.22-structurizr-springtestunitcomstructurizranalysismyappapiSomeApiController.java,0.9.22
0.9.22-structurizr-springtestunitcomstructurizranalysismyappdataJdbcSomeRepository.java,0.9.22
0.9.22-structurizr-springtestunitcomstructurizranalysismyappdataSomeNonPublicRepository.java,0.9.22
0.9.22-structurizr-springtestunitcomstructurizranalysismyappdataSomeOtherRepository.java,0.9.22
0.9.22-structurizr-springtestunitcomstructurizranalysismyappdataSomeRepository.java,0.9.22
0.9.22-structurizr-springtestunitcomstructurizranalysismyappdomainSomething.java,0.9.22
0.9.22-structurizr-springtestunitcomstructurizranalysismyappserviceSomeService.java,0.9.22
0.9.22-structurizr-springtestunitcomstructurizranalysismyappserviceSomeServiceImpl.java,0.9.22
0.9.22-structurizr-springtestunitcomstructurizranalysismyappwebSomeController.java,0.9.22
0.9.22-structurizr-springtestunittestAbstractSpringComponentFinderStrategySomeController.java,0.9.22
0.9.22-structurizr-springtestunittestAbstractSpringComponentFinderStrategySomeNonPublicRepository.java,0.9.22
0.9.22-structurizr-springtestunittestAbstractSpringComponentFinderStrategySomePublicRepository.java,0.9.22
0.9.22-structurizr-springtestunittestSpringComponentComponentFinderStrategySomeComponent.java,0.9.22
0.9.22-structurizr-springtestunittestSpringComponentComponentFinderStrategyTheSomeComponentImpl.java,0.9.22
0.9.22-structurizr-springtestunittestSpringMvcControllerComponentFinderStrategySomeController.java,0.9.22
0.9.22-structurizr-springtestunittestSpringRepositoryComponentFinderStrategyannotationJdbcSomeRepository.java,0.9.22
0.9.22-structurizr-springtestunittestSpringRepositoryComponentFinderStrategyannotationSomeRepository.java,0.9.22
0.9.22-structurizr-springtestunittestSpringRepositoryComponentFinderStrategycrudRepositorySomeCrudRepository.java,0.9.22
0.9.22-structurizr-springtestunittestSpringRepositoryComponentFinderStrategyjpaRepositorySomeJpaRepository.java,0.9.22
0.9.22-structurizr-springtestunittestSpringRestControllerComponentFinderStrategySomeController.java,0.9.22
0.9.22-structurizr-springtestunittestSpringServiceComponentFinderStrategySomeService.java,0.9.22
0.9.22-structurizr-springtestunittestSpringServiceComponentFinderStrategySomeServiceImpl.java,0.9.22
0.9.22-structurizr-springtestunittestSpringWebServiceEndpointComponentFinderStrategySomeWebService.java,0.9.22
0.9.22-structurizr-websequencediagramssrccomstructurizriowebsequencediagramsWebSequenceDiagramsEncoder.java,0.9.22
0.9.22-structurizr-websequencediagramssrccomstructurizriowebsequencediagramsWebSequenceDiagramsWriter.java,0.9.22
0.9.22-structurizr-websequencediagramstestunitcomstructurizriowebsequencediagramsWebSequenceDiagramsEncoderTests.java,0.9.22
0.9.22-structurizr-websequencediagramstestunitcomstructurizriowebsequencediagramsWebSequenceDiagramsWriterTests.java,0.9.22
0.9.23-structurizr-adr-toolssrccomstructurizrdocumentationAdrToolsImporter.java,0.9.23
0.9.23-structurizr-adr-toolstestunitcomstructurizrdocumentationAdrToolsImporterTests.java,0.9.23
0.9.23-structurizr-analysissrccomstructurizranalysisAbstractComponentFinderStrategy.java,0.9.23
0.9.23-structurizr-analysissrccomstructurizranalysisAbstractTypeMatcher.java,0.9.23
0.9.23-structurizr-analysissrccomstructurizranalysisAnnotationTypeMatcher.java,0.9.23
0.9.23-structurizr-analysissrccomstructurizranalysisComponentFinder.java,0.9.23
0.9.23-structurizr-analysissrccomstructurizranalysisComponentFinderStrategy.java,0.9.23
0.9.23-structurizr-analysissrccomstructurizranalysisDefaultTypeRepository.java,0.9.23
0.9.23-structurizr-analysissrccomstructurizranalysisDuplicateComponentException.java,0.9.23
0.9.23-structurizr-analysissrccomstructurizranalysisDuplicateComponentStrategy.java,0.9.23
0.9.23-structurizr-analysissrccomstructurizranalysisExtendsClassTypeMatcher.java,0.9.23
0.9.23-structurizr-analysissrccomstructurizranalysisFirstImplementationOfInterfaceSupportingTypesStrategy.java,0.9.23
0.9.23-structurizr-analysissrccomstructurizranalysisImplementsInterfaceTypeMatcher.java,0.9.23
0.9.23-structurizr-analysissrccomstructurizranalysisJavadocCommentFilter.java,0.9.23
0.9.23-structurizr-analysissrccomstructurizranalysisNameSuffixTypeMatcher.java,0.9.23
0.9.23-structurizr-analysissrccomstructurizranalysisReferencedTypesInSamePackageSupportingTypesStrategy.java,0.9.23
0.9.23-structurizr-analysissrccomstructurizranalysisReferencedTypesSupportingTypesStrategy.java,0.9.23
0.9.23-structurizr-analysissrccomstructurizranalysisRegexTypeMatcher.java,0.9.23
0.9.23-structurizr-analysissrccomstructurizranalysisSourceCodeComponentFinderStrategy.java,0.9.23
0.9.23-structurizr-analysissrccomstructurizranalysisStructurizrAnnotationsComponentFinderStrategy.java,0.9.23
0.9.23-structurizr-analysissrccomstructurizranalysisSupportingTypesStrategy.java,0.9.23
0.9.23-structurizr-analysissrccomstructurizranalysisThrowExceptionDuplicateComponentStrategy.java,0.9.23
0.9.23-structurizr-analysissrccomstructurizranalysisTypeCategory.java,0.9.23
0.9.23-structurizr-analysissrccomstructurizranalysisTypeMatcher.java,0.9.23
0.9.23-structurizr-analysissrccomstructurizranalysisTypeMatcherComponentFinderStrategy.java,0.9.23
0.9.23-structurizr-analysissrccomstructurizranalysisTypeRepository.java,0.9.23
0.9.23-structurizr-analysissrccomstructurizranalysisTypeUtils.java,0.9.23
0.9.23-structurizr-analysissrccomstructurizranalysisTypeVisibility.java,0.9.23
0.9.23-structurizr-analysistestunitcomstructurizrAbstractWorkspaceTestBase.java,0.9.23
0.9.23-structurizr-analysistestunitcomstructurizranalysisAbstractComponentFinderStrategyTests.java,0.9.23
0.9.23-structurizr-analysistestunitcomstructurizranalysisAnnotationTypeMatcherTests.java,0.9.23
0.9.23-structurizr-analysistestunitcomstructurizranalysisComponentFinderTests.java,0.9.23
0.9.23-structurizr-analysistestunitcomstructurizranalysisDefaultTypeRepositoryTests.java,0.9.23
0.9.23-structurizr-analysistestunitcomstructurizranalysisExtendsClassTypeMatcherTests.java,0.9.23
0.9.23-structurizr-analysistestunitcomstructurizranalysisImplementsInterfaceTypeMatcherTests.java,0.9.23
0.9.23-structurizr-analysistestunitcomstructurizranalysisJavadocCommentFilterTests.java,0.9.23
0.9.23-structurizr-analysistestunitcomstructurizranalysisNameSuffixTypeMatcherTests.java,0.9.23
0.9.23-structurizr-analysistestunitcomstructurizranalysisRegexTypeMatcherTests.java,0.9.23
0.9.23-structurizr-analysistestunitcomstructurizranalysisSourceCodeComponentFinderStrategyTests.java,0.9.23
0.9.23-structurizr-analysistestunitcomstructurizranalysisStructurizrAnnotationsComponentFinderStrategyTests.java,0.9.23
0.9.23-structurizr-analysistestunitcomstructurizranalysisTypeMatcherComponentFinderStrategyTests.java,0.9.23
0.9.23-structurizr-analysistestunitcomstructurizranalysisTypeUtilsTests.java,0.9.23
0.9.23-structurizr-analysistestunitcomstructurizranalysisreflectionsAbstractComponentFinderStrategyTests.java,0.9.23
0.9.23-structurizr-analysistestunitcomstructurizranalysisreflectionscyclicDependencyAComponent.java,0.9.23
0.9.23-structurizr-analysistestunitcomstructurizranalysisreflectionscyclicDependencyBComponent.java,0.9.23
0.9.23-structurizr-analysistestunitcomstructurizranalysisreflectionsdependenciesFromSuperClassComponentBase.java,0.9.23
0.9.23-structurizr-analysistestunitcomstructurizranalysisreflectionsdependenciesFromSuperClassLoggingComponent.java,0.9.23
0.9.23-structurizr-analysistestunitcomstructurizranalysisreflectionsdependenciesFromSuperClassSomeComponent.java,0.9.23
0.9.23-structurizr-analysistestunitcomstructurizranalysisreflectionsfeatureinterfaceFeatureInterface.java,0.9.23
0.9.23-structurizr-analysistestunitcomstructurizranalysisreflectionsfeatureinterfaceOtherComponent.java,0.9.23
0.9.23-structurizr-analysistestunitcomstructurizranalysisreflectionsfeatureinterfaceSomeComponent.java,0.9.23
0.9.23-structurizr-analysistestunitcomstructurizranalysisreflectionsmultipleComponentFinderspackage1MyController.java,0.9.23
0.9.23-structurizr-analysistestunitcomstructurizranalysisreflectionsmultipleComponentFinderspackage2MyRepository.java,0.9.23
0.9.23-structurizr-analysistestunitcomstructurizranalysisreflectionssupportingTypesmyappAbstractComponent.java,0.9.23
0.9.23-structurizr-analysistestunitcomstructurizranalysisreflectionssupportingTypesmyappdataMyRepository.java,0.9.23
0.9.23-structurizr-analysistestunitcomstructurizranalysisreflectionssupportingTypesmyappdataMyRepositoryImpl.java,0.9.23
0.9.23-structurizr-analysistestunitcomstructurizranalysisreflectionssupportingTypesmyappdataMyRepositoryRowMapper.java,0.9.23
0.9.23-structurizr-analysistestunitcomstructurizranalysisreflectionssupportingTypesmyapputilRowMapperHelper.java,0.9.23
0.9.23-structurizr-analysistestunitcomstructurizranalysisreflectionssupportingTypesmyappwebMyController.java,0.9.23
0.9.23-structurizr-analysistestunittestDefaultTypeRepositorySomeAbstractClass.java,0.9.23
0.9.23-structurizr-analysistestunittestDefaultTypeRepositorySomeClass.java,0.9.23
0.9.23-structurizr-analysistestunittestDefaultTypeRepositorySomeEnum.java,0.9.23
0.9.23-structurizr-analysistestunittestDefaultTypeRepositorySomeInterface.java,0.9.23
0.9.23-structurizr-analysistestunittestMoreDefaultTypeRepositoryAnotherClass.java,0.9.23
0.9.23-structurizr-analysistestunittestSourceCodeComponentFinderStrategySomeComponent.java,0.9.23
0.9.23-structurizr-analysistestunittestSourceCodeComponentFinderStrategySomeComponentImpl.java,0.9.23
0.9.23-structurizr-analysistestunittestStructurizrAnnotationsComponentFinderStrategyController.java,0.9.23
0.9.23-structurizr-analysistestunittestStructurizrAnnotationsComponentFinderStrategyRepository.java,0.9.23
0.9.23-structurizr-analysistestunittestStructurizrAnnotationsComponentFinderStrategyRepositoryImpl.java,0.9.23
0.9.23-structurizr-analysistestunittestTypeMatcherComponentFinderStrategyMyController.java,0.9.23
0.9.23-structurizr-analysistestunittestTypeMatcherComponentFinderStrategyMyRepository.java,0.9.23
0.9.23-structurizr-analysistestunittestTypeMatcherComponentFinderStrategyMyRepositoryImpl.java,0.9.23
0.9.23-structurizr-analysistestunittestTypeUtilsAnotherClass.java,0.9.23
0.9.23-structurizr-analysistestunittestTypeUtilsSomeAbstractClass.java,0.9.23
0.9.23-structurizr-analysistestunittestTypeUtilsSomeClass.java,0.9.23
0.9.23-structurizr-analysistestunittestTypeUtilsSomeEnum.java,0.9.23
0.9.23-structurizr-analysistestunittestTypeUtilsSomeInterface.java,0.9.23
0.9.23-structurizr-annotationssrccomstructurizrannotationComponent.java,0.9.23
0.9.23-structurizr-annotationssrccomstructurizrannotationUsedByContainer.java,0.9.23
0.9.23-structurizr-annotationssrccomstructurizrannotationUsedByContainers.java,0.9.23
0.9.23-structurizr-annotationssrccomstructurizrannotationUsedByPeople.java,0.9.23
0.9.23-structurizr-annotationssrccomstructurizrannotationUsedByPerson.java,0.9.23
0.9.23-structurizr-annotationssrccomstructurizrannotationUsedBySoftwareSystem.java,0.9.23
0.9.23-structurizr-annotationssrccomstructurizrannotationUsedBySoftwareSystems.java,0.9.23
0.9.23-structurizr-annotationssrccomstructurizrannotationUsesComponent.java,0.9.23
0.9.23-structurizr-annotationssrccomstructurizrannotationUsesContainer.java,0.9.23
0.9.23-structurizr-annotationssrccomstructurizrannotationUsesContainers.java,0.9.23
0.9.23-structurizr-annotationssrccomstructurizrannotationUsesSoftwareSystem.java,0.9.23
0.9.23-structurizr-annotationssrccomstructurizrannotationUsesSoftwareSystems.java,0.9.23
0.9.23-structurizr-clientsrccomstructurizrapiApiResponse.java,0.9.23
0.9.23-structurizr-clientsrccomstructurizrapiHashBasedMessageAuthenticationCode.java,0.9.23
0.9.23-structurizr-clientsrccomstructurizrapiHmacAuthorizationHeader.java,0.9.23
0.9.23-structurizr-clientsrccomstructurizrapiHmacContent.java,0.9.23
0.9.23-structurizr-clientsrccomstructurizrapiHttpHeaders.java,0.9.23
0.9.23-structurizr-clientsrccomstructurizrapiMd5Digest.java,0.9.23
0.9.23-structurizr-clientsrccomstructurizrapiStructurizrClient.java,0.9.23
0.9.23-structurizr-clientsrccomstructurizrapiStructurizrClientException.java,0.9.23
0.9.23-structurizr-clientsrccomstructurizrencryptionAesEncryptionStrategy.java,0.9.23
0.9.23-structurizr-clientsrccomstructurizrencryptionEncryptedWorkspace.java,0.9.23
0.9.23-structurizr-clientsrccomstructurizrencryptionEncryptionLocation.java,0.9.23
0.9.23-structurizr-clientsrccomstructurizrencryptionEncryptionStrategy.java,0.9.23
0.9.23-structurizr-clientsrccomstructurizrioWorkspaceReader.java,0.9.23
0.9.23-structurizr-clientsrccomstructurizrioWorkspaceReaderException.java,0.9.23
0.9.23-structurizr-clientsrccomstructurizrioWorkspaceWriter.java,0.9.23
0.9.23-structurizr-clientsrccomstructurizrioWorkspaceWriterException.java,0.9.23
0.9.23-structurizr-clientsrccomstructurizriojsonEncryptedJsonReader.java,0.9.23
0.9.23-structurizr-clientsrccomstructurizriojsonEncryptedJsonWriter.java,0.9.23
0.9.23-structurizr-clientsrccomstructurizriojsonJsonReader.java,0.9.23
0.9.23-structurizr-clientsrccomstructurizriojsonJsonWriter.java,0.9.23
0.9.23-structurizr-clientsrccomstructurizrutilWorkspaceUtils.java,0.9.23
0.9.23-structurizr-clienttestintegrationcomstructurizrapiStructurizrClientIntegrationTests.java,0.9.23
0.9.23-structurizr-clienttestintegrationcomstructurizrapiWorkspaceRulesValidationTests.java,0.9.23
0.9.23-structurizr-clienttestunitcomstructurizrapiApiResponseTests.java,0.9.23
0.9.23-structurizr-clienttestunitcomstructurizrapiHashBasedMessageAuthenticationCodeTests.java,0.9.23
0.9.23-structurizr-clienttestunitcomstructurizrapiHmacAuthorizationHeaderTests.java,0.9.23
0.9.23-structurizr-clienttestunitcomstructurizrapiHmacContentTests.java,0.9.23
0.9.23-structurizr-clienttestunitcomstructurizrapiMd5DigestTests.java,0.9.23
0.9.23-structurizr-clienttestunitcomstructurizrapiStructurizrClientTests.java,0.9.23
0.9.23-structurizr-clienttestunitcomstructurizrencryptionAesEncryptionStrategyTests.java,0.9.23
0.9.23-structurizr-clienttestunitcomstructurizrencryptionEncryptedWorkspaceTests.java,0.9.23
0.9.23-structurizr-clienttestunitcomstructurizrencryptionMockEncryptionStrategy.java,0.9.23
0.9.23-structurizr-clienttestunitcomstructurizriojsonEncryptedJsonTests.java,0.9.23
0.9.23-structurizr-clienttestunitcomstructurizriojsonEncryptedJsonWriterTests.java,0.9.23
0.9.23-structurizr-clienttestunitcomstructurizriojsonJsonTests.java,0.9.23
0.9.23-structurizr-clienttestunitcomstructurizriojsonJsonWriterTests.java,0.9.23
0.9.23-structurizr-clienttestunitcomstructurizrutilWorkspaceUtilsTests.java,0.9.23
0.9.23-structurizr-coresrccomstructurizrAbstractWorkspace.java,0.9.23
0.9.23-structurizr-coresrccomstructurizrWorkspace.java,0.9.23
0.9.23-structurizr-coresrccomstructurizrWorkspaceValidationException.java,0.9.23
0.9.23-structurizr-coresrccomstructurizrconfigurationRole.java,0.9.23
0.9.23-structurizr-coresrccomstructurizrconfigurationUser.java,0.9.23
0.9.23-structurizr-coresrccomstructurizrconfigurationWorkspaceConfiguration.java,0.9.23
0.9.23-structurizr-coresrccomstructurizrdocumentationArc42DocumentationTemplate.java,0.9.23
0.9.23-structurizr-coresrccomstructurizrdocumentationAutomaticDocumentationTemplate.java,0.9.23
0.9.23-structurizr-coresrccomstructurizrdocumentationDecision.java,0.9.23
0.9.23-structurizr-coresrccomstructurizrdocumentationDecisionStatus.java,0.9.23
0.9.23-structurizr-coresrccomstructurizrdocumentationDocumentation.java,0.9.23
0.9.23-structurizr-coresrccomstructurizrdocumentationDocumentationTemplate.java,0.9.23
0.9.23-structurizr-coresrccomstructurizrdocumentationFormat.java,0.9.23
0.9.23-structurizr-coresrccomstructurizrdocumentationFormatFinder.java,0.9.23
0.9.23-structurizr-coresrccomstructurizrdocumentationFormattedContent.java,0.9.23
0.9.23-structurizr-coresrccomstructurizrdocumentationImage.java,0.9.23
0.9.23-structurizr-coresrccomstructurizrdocumentationSection.java,0.9.23
0.9.23-structurizr-coresrccomstructurizrdocumentationStructurizrDocumentationTemplate.java,0.9.23
0.9.23-structurizr-coresrccomstructurizrdocumentationTemplateMetadata.java,0.9.23
0.9.23-structurizr-coresrccomstructurizrdocumentationViewpointsAndPerspectivesDocumentationTemplate.java,0.9.23
0.9.23-structurizr-coresrccomstructurizrmodelCodeElement.java,0.9.23
0.9.23-structurizr-coresrccomstructurizrmodelCodeElementRole.java,0.9.23
0.9.23-structurizr-coresrccomstructurizrmodelComponent.java,0.9.23
0.9.23-structurizr-coresrccomstructurizrmodelContainer.java,0.9.23
0.9.23-structurizr-coresrccomstructurizrmodelContainerInstance.java,0.9.23
0.9.23-structurizr-coresrccomstructurizrmodelDeploymentElement.java,0.9.23
0.9.23-structurizr-coresrccomstructurizrmodelDeploymentNode.java,0.9.23
0.9.23-structurizr-coresrccomstructurizrmodelElement.java,0.9.23
0.9.23-structurizr-coresrccomstructurizrmodelEnterprise.java,0.9.23
0.9.23-structurizr-coresrccomstructurizrmodelHttpHealthCheck.java,0.9.23
0.9.23-structurizr-coresrccomstructurizrmodelIdGenerator.java,0.9.23
0.9.23-structurizr-coresrccomstructurizrmodelInteractionStyle.java,0.9.23
0.9.23-structurizr-coresrccomstructurizrmodelLocation.java,0.9.23
0.9.23-structurizr-coresrccomstructurizrmodelMessageDigestIdGenerator.java,0.9.23
0.9.23-structurizr-coresrccomstructurizrmodelModel.java,0.9.23
0.9.23-structurizr-coresrccomstructurizrmodelModelItem.java,0.9.23
0.9.23-structurizr-coresrccomstructurizrmodelNormalizedNameIdGenerator.java,0.9.23
0.9.23-structurizr-coresrccomstructurizrmodelPerson.java,0.9.23
0.9.23-structurizr-coresrccomstructurizrmodelPerspective.java,0.9.23
0.9.23-structurizr-coresrccomstructurizrmodelRelationship.java,0.9.23
0.9.23-structurizr-coresrccomstructurizrmodelSequentialIntegerIdGeneratorStrategy.java,0.9.23
0.9.23-structurizr-coresrccomstructurizrmodelSoftwareSystem.java,0.9.23
0.9.23-structurizr-coresrccomstructurizrmodelStaticStructureElement.java,0.9.23
0.9.23-structurizr-coresrccomstructurizrmodelTags.java,0.9.23
0.9.23-structurizr-coresrccomstructurizrutilImageUtils.java,0.9.23
0.9.23-structurizr-coresrccomstructurizrutilMapUtils.java,0.9.23
0.9.23-structurizr-coresrccomstructurizrutilStringUtils.java,0.9.23
0.9.23-structurizr-coresrccomstructurizrutilUrl.java,0.9.23
0.9.23-structurizr-coresrccomstructurizrviewAnimation.java,0.9.23
0.9.23-structurizr-coresrccomstructurizrviewAutomaticLayout.java,0.9.23
0.9.23-structurizr-coresrccomstructurizrviewBorder.java,0.9.23
0.9.23-structurizr-coresrccomstructurizrviewBranding.java,0.9.23
0.9.23-structurizr-coresrccomstructurizrviewColor.java,0.9.23
0.9.23-structurizr-coresrccomstructurizrviewColorPair.java,0.9.23
0.9.23-structurizr-coresrccomstructurizrviewComponentView.java,0.9.23
0.9.23-structurizr-coresrccomstructurizrviewConfiguration.java,0.9.23
0.9.23-structurizr-coresrccomstructurizrviewContainerView.java,0.9.23
0.9.23-structurizr-coresrccomstructurizrviewDefaultLayoutMergeStrategy.java,0.9.23
0.9.23-structurizr-coresrccomstructurizrviewDeploymentView.java,0.9.23
0.9.23-structurizr-coresrccomstructurizrviewDynamicView.java,0.9.23
0.9.23-structurizr-coresrccomstructurizrviewElementStyle.java,0.9.23
0.9.23-structurizr-coresrccomstructurizrviewElementView.java,0.9.23
0.9.23-structurizr-coresrccomstructurizrviewFilteredView.java,0.9.23
0.9.23-structurizr-coresrccomstructurizrviewFilterMode.java,0.9.23
0.9.23-structurizr-coresrccomstructurizrviewFont.java,0.9.23
0.9.23-structurizr-coresrccomstructurizrviewLayoutMergeStrategy.java,0.9.23
0.9.23-structurizr-coresrccomstructurizrviewPaperSize.java,0.9.23
0.9.23-structurizr-coresrccomstructurizrviewParallelSequenceCounter.java,0.9.23
0.9.23-structurizr-coresrccomstructurizrviewRelationshipStyle.java,0.9.23
0.9.23-structurizr-coresrccomstructurizrviewRelationshipView.java,0.9.23
0.9.23-structurizr-coresrccomstructurizrviewRouting.java,0.9.23
0.9.23-structurizr-coresrccomstructurizrviewSequenceCounter.java,0.9.23
0.9.23-structurizr-coresrccomstructurizrviewSequenceNumber.java,0.9.23
0.9.23-structurizr-coresrccomstructurizrviewShape.java,0.9.23
0.9.23-structurizr-coresrccomstructurizrviewStaticView.java,0.9.23
0.9.23-structurizr-coresrccomstructurizrviewStyles.java,0.9.23
0.9.23-structurizr-coresrccomstructurizrviewSystemContextView.java,0.9.23
0.9.23-structurizr-coresrccomstructurizrviewSystemLandscapeView.java,0.9.23
0.9.23-structurizr-coresrccomstructurizrviewTerminology.java,0.9.23
0.9.23-structurizr-coresrccomstructurizrviewVertex.java,0.9.23
0.9.23-structurizr-coresrccomstructurizrviewView.java,0.9.23
0.9.23-structurizr-coresrccomstructurizrviewViewSet.java,0.9.23
0.9.23-structurizr-coresrccomstructurizrviewViewSortOrder.java,0.9.23
0.9.23-structurizr-coretestunitcomstructurizrAbstractWorkspaceTestBase.java,0.9.23
0.9.23-structurizr-coretestunitcomstructurizrWorkspaceTests.java,0.9.23
0.9.23-structurizr-coretestunitcomstructurizrconfigurationWorkspaceConfigurationTests.java,0.9.23
0.9.23-structurizr-coretestunitcomstructurizrdocumentationArc42DocumentationTemplateTests.java,0.9.23
0.9.23-structurizr-coretestunitcomstructurizrdocumentationAutomaticDocumentTemplateTests.java,0.9.23
0.9.23-structurizr-coretestunitcomstructurizrdocumentationDocumentationTemplateTests.java,0.9.23
0.9.23-structurizr-coretestunitcomstructurizrdocumentationDocumentationTests.java,0.9.23
0.9.23-structurizr-coretestunitcomstructurizrdocumentationFormatFinderTests.java,0.9.23
0.9.23-structurizr-coretestunitcomstructurizrdocumentationSectionTests.java,0.9.23
0.9.23-structurizr-coretestunitcomstructurizrdocumentationStructurizrDocumentationTemplateTests.java,0.9.23
0.9.23-structurizr-coretestunitcomstructurizrdocumentationViewpointsAndPerspectivesDocumentationTemplateTests.java,0.9.23
0.9.23-structurizr-coretestunitcomstructurizrmodelCodeElementTests.java,0.9.23
0.9.23-structurizr-coretestunitcomstructurizrmodelComponentTests.java,0.9.23
0.9.23-structurizr-coretestunitcomstructurizrmodelContainerInstanceTests.java,0.9.23
0.9.23-structurizr-coretestunitcomstructurizrmodelContainerTests.java,0.9.23
0.9.23-structurizr-coretestunitcomstructurizrmodelDeploymentNodeTests.java,0.9.23
0.9.23-structurizr-coretestunitcomstructurizrmodelElementTests.java,0.9.23
0.9.23-structurizr-coretestunitcomstructurizrmodelHttpHealthCheckTests.java,0.9.23
0.9.23-structurizr-coretestunitcomstructurizrmodelMessageDigestIdGeneratorTests.java,0.9.23
0.9.23-structurizr-coretestunitcomstructurizrmodelModelItemTests.java,0.9.23
0.9.23-structurizr-coretestunitcomstructurizrmodelModelTests.java,0.9.23
0.9.23-structurizr-coretestunitcomstructurizrmodelNormalizedNameIdGeneratorTests.java,0.9.23
0.9.23-structurizr-coretestunitcomstructurizrmodelPersonTests.java,0.9.23
0.9.23-structurizr-coretestunitcomstructurizrmodelRelationshipTests.java,0.9.23
0.9.23-structurizr-coretestunitcomstructurizrmodelSoftwareSystemTests.java,0.9.23
0.9.23-structurizr-coretestunitcomstructurizrutilImageUtilsTests.java,0.9.23
0.9.23-structurizr-coretestunitcomstructurizrutilStringUtilsTests.java,0.9.23
0.9.23-structurizr-coretestunitcomstructurizrutilUrlTests.java,0.9.23
0.9.23-structurizr-coretestunitcomstructurizrviewAutomaticLayoutTests.java,0.9.23
0.9.23-structurizr-coretestunitcomstructurizrviewBrandingTests.java,0.9.23
0.9.23-structurizr-coretestunitcomstructurizrviewColorPairTests.java,0.9.23
0.9.23-structurizr-coretestunitcomstructurizrviewColorTests.java,0.9.23
0.9.23-structurizr-coretestunitcomstructurizrviewComponentViewTests.java,0.9.23
0.9.23-structurizr-coretestunitcomstructurizrviewConfigurationTests.java,0.9.23
0.9.23-structurizr-coretestunitcomstructurizrviewContainerViewTests.java,0.9.23
0.9.23-structurizr-coretestunitcomstructurizrviewDeploymentViewTests.java,0.9.23
0.9.23-structurizr-coretestunitcomstructurizrviewDynamicViewTests.java,0.9.23
0.9.23-structurizr-coretestunitcomstructurizrviewElementStyleTests.java,0.9.23
0.9.23-structurizr-coretestunitcomstructurizrviewElementViewTests.java,0.9.23
0.9.23-structurizr-coretestunitcomstructurizrviewFilteredViewTests.java,0.9.23
0.9.23-structurizr-coretestunitcomstructurizrviewFontTests.java,0.9.23
0.9.23-structurizr-coretestunitcomstructurizrviewRelationshipStyleTests.java,0.9.23
0.9.23-structurizr-coretestunitcomstructurizrviewSequenceCounterTests.java,0.9.23
0.9.23-structurizr-coretestunitcomstructurizrviewSequenceNumberTests.java,0.9.23
0.9.23-structurizr-coretestunitcomstructurizrviewStaticViewTests.java,0.9.23
0.9.23-structurizr-coretestunitcomstructurizrviewStyleTests.java,0.9.23
0.9.23-structurizr-coretestunitcomstructurizrviewSystemContextViewTests.java,0.9.23
0.9.23-structurizr-coretestunitcomstructurizrviewSystemLandscapeViewTests.java,0.9.23
0.9.23-structurizr-coretestunitcomstructurizrviewViewSetTests.java,0.9.23
0.9.23-structurizr-coretestunitcomstructurizrviewViewTests.java,0.9.23
0.9.23-structurizr-dotsrccomstructurizriodotDotWriter.java,0.9.23
0.9.23-structurizr-examplessrccomstructurizrexampleAdrTools.java,0.9.23
0.9.23-structurizr-examplessrccomstructurizrexampleArc42DocumentationExample.java,0.9.23
0.9.23-structurizr-examplessrccomstructurizrexampleAutomaticDocumentationTemplateExample.java,0.9.23
0.9.23-structurizr-examplessrccomstructurizrexampleBigBankPlc.java,0.9.23
0.9.23-structurizr-examplessrccomstructurizrexampleClientSideEncryption.java,0.9.23
0.9.23-structurizr-examplessrccomstructurizrexampleCorporateBranding.java,0.9.23
0.9.23-structurizr-examplessrccomstructurizrexampleEmptyWorkspace.java,0.9.23
0.9.23-structurizr-examplessrccomstructurizrexampleFilteredViews.java,0.9.23
0.9.23-structurizr-examplessrccomstructurizrexampleFinancialRiskSystem.java,0.9.23
0.9.23-structurizr-examplessrccomstructurizrexampleGettingStarted.java,0.9.23
0.9.23-structurizr-examplessrccomstructurizrexampleHttpHealthChecks.java,0.9.23
0.9.23-structurizr-examplessrccomstructurizrexampleMicroservicesExample.java,0.9.23
0.9.23-structurizr-examplessrccomstructurizrexamplePlantUML.java,0.9.23
0.9.23-structurizr-examplessrccomstructurizrexampleShapes.java,0.9.23
0.9.23-structurizr-examplessrccomstructurizrexampleSpringBootPetClinic.java,0.9.23
0.9.23-structurizr-examplessrccomstructurizrexampleSpringPetClinic.java,0.9.23
0.9.23-structurizr-examplessrccomstructurizrexampleStructurizrAnnotations.java,0.9.23
0.9.23-structurizr-examplessrccomstructurizrexampleStructurizrDocumentationExample.java,0.9.23
0.9.23-structurizr-examplessrccomstructurizrexampleStylingElements.java,0.9.23
0.9.23-structurizr-examplessrccomstructurizrexampleStylingRelationships.java,0.9.23
0.9.23-structurizr-examplessrccomstructurizrexampleViewpointsAndPerspectivesDocumentationExample.java,0.9.23
0.9.23-structurizr-examplessrccomstructurizrexampleWidgetsLimited.java,0.9.23
0.9.23-structurizr-examplessrccomstructurizrexampleannotationsHtmlController.java,0.9.23
0.9.23-structurizr-examplessrccomstructurizrexampleannotationsJdbcRepository.java,0.9.23
0.9.23-structurizr-examplessrccomstructurizrexampleannotationsRepository.java,0.9.23
0.9.23-structurizr-javaeesrccomstructurizranalysisJavaEEComponentFinderStrategy.java,0.9.23
0.9.23-structurizr-mermaidsrccomstructurizriomermaidMermaidEncoder.java,0.9.23
0.9.23-structurizr-mermaidsrccomstructurizriomermaidMermaidWriter.java,0.9.23
0.9.23-structurizr-mermaidtestunitcomstructurizriomermaidMermaidEncoderTests.java,0.9.23
0.9.23-structurizr-mermaidtestunitcomstructurizriomermaidMermaidWriterTests.java,0.9.23
0.9.23-structurizr-plantumlsrccomstructurizrioplantumlC4PlantUMLWriter.java,0.9.23
0.9.23-structurizr-plantumlsrccomstructurizrioplantumlPlantUMLDiagram.java,0.9.23
0.9.23-structurizr-plantumlsrccomstructurizrioplantumlPlantUMLEncoder.java,0.9.23
0.9.23-structurizr-plantumlsrccomstructurizrioplantumlPlantUMLWriter.java,0.9.23
0.9.23-structurizr-plantumltestunitcomstructurizrioplantumlPlantUMLEncoderTests.java,0.9.23
0.9.23-structurizr-plantumltestunitcomstructurizrioplantumlPlantUMLWriterTests.java,0.9.23
0.9.23-structurizr-springsrccomstructurizranalysisAbstractSpringComponentFinderStrategy.java,0.9.23
0.9.23-structurizr-springsrccomstructurizranalysisSpringComponentComponentFinderStrategy.java,0.9.23
0.9.23-structurizr-springsrccomstructurizranalysisSpringComponentFinderStrategy.java,0.9.23
0.9.23-structurizr-springsrccomstructurizranalysisSpringMvcControllerComponentFinderStrategy.java,0.9.23
0.9.23-structurizr-springsrccomstructurizranalysisSpringRepositoryComponentFinderStrategy.java,0.9.23
0.9.23-structurizr-springsrccomstructurizranalysisSpringRestControllerComponentFinderStrategy.java,0.9.23
0.9.23-structurizr-springsrccomstructurizranalysisSpringServiceComponentFinderStrategy.java,0.9.23
0.9.23-structurizr-springsrccomstructurizranalysisSpringWebServiceEndpointComponentFinderStrategy.java,0.9.23
0.9.23-structurizr-springtestunitcomstructurizranalysisAbstractSpringComponentFinderStrategyTests.java,0.9.23
0.9.23-structurizr-springtestunitcomstructurizranalysisSpringComponentComponentFinderStrategyTests.java,0.9.23
0.9.23-structurizr-springtestunitcomstructurizranalysisSpringComponentFinderStrategyTests.java,0.9.23
0.9.23-structurizr-springtestunitcomstructurizranalysisSpringMvcControllerComponentFinderStrategyTests.java,0.9.23
0.9.23-structurizr-springtestunitcomstructurizranalysisSpringRepositoryComponentFinderStrategyTests.java,0.9.23
0.9.23-structurizr-springtestunitcomstructurizranalysisSpringRestControllerComponentFinderStrategyTests.java,0.9.23
0.9.23-structurizr-springtestunitcomstructurizranalysisSpringServiceComponentFinderStrategyTests.java,0.9.23
0.9.23-structurizr-springtestunitcomstructurizranalysisSpringWebServiceEndpointComponentFinderStrategyTests.java,0.9.23
0.9.23-structurizr-springtestunitcomstructurizranalysismyappapiSomeApiController.java,0.9.23
0.9.23-structurizr-springtestunitcomstructurizranalysismyappdataJdbcSomeRepository.java,0.9.23
0.9.23-structurizr-springtestunitcomstructurizranalysismyappdataSomeNonPublicRepository.java,0.9.23
0.9.23-structurizr-springtestunitcomstructurizranalysismyappdataSomeOtherRepository.java,0.9.23
0.9.23-structurizr-springtestunitcomstructurizranalysismyappdataSomeRepository.java,0.9.23
0.9.23-structurizr-springtestunitcomstructurizranalysismyappdomainSomething.java,0.9.23
0.9.23-structurizr-springtestunitcomstructurizranalysismyappserviceSomeService.java,0.9.23
0.9.23-structurizr-springtestunitcomstructurizranalysismyappserviceSomeServiceImpl.java,0.9.23
0.9.23-structurizr-springtestunitcomstructurizranalysismyappwebSomeController.java,0.9.23
0.9.23-structurizr-springtestunittestAbstractSpringComponentFinderStrategySomeController.java,0.9.23
0.9.23-structurizr-springtestunittestAbstractSpringComponentFinderStrategySomeNonPublicRepository.java,0.9.23
0.9.23-structurizr-springtestunittestAbstractSpringComponentFinderStrategySomePublicRepository.java,0.9.23
0.9.23-structurizr-springtestunittestSpringComponentComponentFinderStrategySomeComponent.java,0.9.23
0.9.23-structurizr-springtestunittestSpringComponentComponentFinderStrategyTheSomeComponentImpl.java,0.9.23
0.9.23-structurizr-springtestunittestSpringMvcControllerComponentFinderStrategySomeController.java,0.9.23
0.9.23-structurizr-springtestunittestSpringRepositoryComponentFinderStrategyannotationJdbcSomeRepository.java,0.9.23
0.9.23-structurizr-springtestunittestSpringRepositoryComponentFinderStrategyannotationSomeRepository.java,0.9.23
0.9.23-structurizr-springtestunittestSpringRepositoryComponentFinderStrategycrudRepositorySomeCrudRepository.java,0.9.23
0.9.23-structurizr-springtestunittestSpringRepositoryComponentFinderStrategyjpaRepositorySomeJpaRepository.java,0.9.23
0.9.23-structurizr-springtestunittestSpringRestControllerComponentFinderStrategySomeController.java,0.9.23
0.9.23-structurizr-springtestunittestSpringServiceComponentFinderStrategySomeService.java,0.9.23
0.9.23-structurizr-springtestunittestSpringServiceComponentFinderStrategySomeServiceImpl.java,0.9.23
0.9.23-structurizr-springtestunittestSpringWebServiceEndpointComponentFinderStrategySomeWebService.java,0.9.23
0.9.23-structurizr-websequencediagramssrccomstructurizriowebsequencediagramsWebSequenceDiagramsEncoder.java,0.9.23
0.9.23-structurizr-websequencediagramssrccomstructurizriowebsequencediagramsWebSequenceDiagramsWriter.java,0.9.23
0.9.23-structurizr-websequencediagramstestunitcomstructurizriowebsequencediagramsWebSequenceDiagramsEncoderTests.java,0.9.23
0.9.23-structurizr-websequencediagramstestunitcomstructurizriowebsequencediagramsWebSequenceDiagramsWriterTests.java,0.9.23
